Drift Level,Accuracy
No Drift,0.9104960750991341
Low,0.9106579266812334
Medium,0.9083920045318443
High,0.10827870842437484
Extreme,0.9028081249494214
